时间戳,产线编号,产品批次,缺陷类别,AI置信度
2024-01-01 00:00:00,Line-B,BATCH-104,变形,0.8627663086503267
2024-01-01 00:01:00,Line-A,BATCH-101,划伤,0.9277958415779632
2024-01-01 00:02:00,Line-A,BATCH-100,划伤,0.9632766118599922
2024-01-01 00:03:00,Line-A,BATCH-108,划伤,0.9313349573001525
2024-01-01 00:04:00,Line-B,BATCH-103,异物,0.9566809543477235
2024-01-01 00:05:00,Line-B,BATCH-105,异物,0.9533947948844305
2024-01-01 00:06:00,Line-C,BATCH-106,漏装,0.8587039714629872
2024-01-01 00:07:00,Line-B,BATCH-106,异物,0.9079020592297349
2024-01-01 00:08:00,Line-A,BATCH-107,异物,0.9488478555460111
2024-01-01 00:09:00,Line-B,BATCH-102,划伤,0.9641857915211495
2024-01-01 00:10:00,Line-A,BATCH-105,异物,0.944488027816796
2024-01-01 00:11:00,Line-A,BATCH-104,划伤,0.9687083352362146
2024-01-01 00:12:00,Line-A,BATCH-100,划伤,0.9139803095060655
2024-01-01 00:13:00,Line-C,BATCH-103,异物,0.8584258892753862
2024-01-01 00:14:00,Line-B,BATCH-109,划伤,0.9027327009480611
2024-01-01 00:15:00,Line-B,BATCH-104,划伤,0.9764831394547615
2024-01-01 00:16:00,Line-C,BATCH-102,脏污,0.8565792284476786
2024-01-01 00:17:00,Line-A,BATCH-103,异物,0.8727334359318398
2024-01-01 00:18:00,Line-C,BATCH-109,划伤,0.9147259006055619
2024-01-01 00:19:00,Line-A,BATCH-109,漏装,0.9735438715108005
2024-01-01 00:20:00,Line-B,BATCH-103,划伤,0.9858966850195758
2024-01-01 00:21:00,Line-B,BATCH-109,异物,0.9244698933448224
2024-01-01 00:22:00,Line-B,BATCH-109,脏污,0.923198941255025
2024-01-01 00:23:00,Line-B,BATCH-105,异物,0.9835505097424035
2024-01-01 00:24:00,Line-C,BATCH-100,划伤,0.8693704833075133
2024-01-01 00:25:00,Line-C,BATCH-104,划伤,0.8876897474406135
2024-01-01 00:26:00,Line-C,BATCH-105,裂纹,0.8979680973602919
2024-01-01 00:27:00,Line-B,BATCH-109,变形,0.9535146534559189
2024-01-01 00:28:00,Line-B,BATCH-105,异物,0.8605750432320244
2024-01-01 00:29:00,Line-C,BATCH-100,划伤,0.9842319464897116
2024-01-01 00:30:00,Line-B,BATCH-103,划伤,0.9538238432378434
2024-01-01 00:31:00,Line-C,BATCH-104,划伤,0.8756533133371797
2024-01-01 00:32:00,Line-C,BATCH-102,划伤,0.8568900493397419
2024-01-01 00:33:00,Line-A,BATCH-109,划伤,0.8716906390734137
2024-01-01 00:34:00,Line-B,BATCH-101,划伤,0.8965725257902821
2024-01-01 00:35:00,Line-A,BATCH-106,异物,0.8810899571747575
2024-01-01 00:36:00,Line-C,BATCH-107,划伤,0.8596756599894596
2024-01-01 00:37:00,Line-A,BATCH-102,变形,0.9701824136920716
2024-01-01 00:38:00,Line-B,BATCH-108,划伤,0.9356168441672722
2024-01-01 00:39:00,Line-C,BATCH-103,脏污,0.9590503931101733
2024-01-01 00:40:00,Line-C,BATCH-107,变形,0.9467322172272401
2024-01-01 00:41:00,Line-A,BATCH-104,划伤,0.8611678276716721
2024-01-01 00:42:00,Line-B,BATCH-100,脏污,0.9673353758443474
2024-01-01 00:43:00,Line-B,BATCH-100,裂纹,0.9791637610035072
2024-01-01 00:44:00,Line-A,BATCH-100,异物,0.9455979373836335
2024-01-01 00:45:00,Line-C,BATCH-104,异物,0.8568077457730862
2024-01-01 00:46:00,Line-B,BATCH-104,变形,0.9233964949748248
2024-01-01 00:47:00,Line-B,BATCH-100,漏装,0.9672300229448874
2024-01-01 00:48:00,Line-B,BATCH-100,异物,0.9839421510657613
2024-01-01 00:49:00,Line-A,BATCH-101,划伤,0.9626535727665139
2024-01-01 00:50:00,Line-A,BATCH-103,变形,0.9825021529085536
2024-01-01 00:51:00,Line-C,BATCH-104,划伤,0.9521270411978122
2024-01-01 00:52:00,Line-B,BATCH-101,脏污,0.8598727827789706
2024-01-01 00:53:00,Line-C,BATCH-101,漏装,0.8991360063125748
2024-01-01 00:54:00,Line-C,BATCH-106,变形,0.9503932910987962
2024-01-01 00:55:00,Line-B,BATCH-102,异物,0.9025427582225432
2024-01-01 00:56:00,Line-A,BATCH-100,异物,0.883670319243699
2024-01-01 00:57:00,Line-B,BATCH-104,异物,0.9685196882048015
2024-01-01 00:58:00,Line-B,BATCH-100,划伤,0.955492006567245
2024-01-01 00:59:00,Line-A,BATCH-108,划伤,0.9680031506068819
2024-01-01 01:00:00,Line-A,BATCH-109,脏污,0.9651290389524967
2024-01-01 01:01:00,Line-B,BATCH-106,划伤,0.9195583286805749
2024-01-01 01:02:00,Line-B,BATCH-102,异物,0.9280537440937385
2024-01-01 01:03:00,Line-A,BATCH-104,变形,0.9126003392185562
2024-01-01 01:04:00,Line-C,BATCH-103,裂纹,0.8817720124177872
2024-01-01 01:05:00,Line-B,BATCH-104,异物,0.9624725908290475
2024-01-01 01:06:00,Line-A,BATCH-109,异物,0.9423736579939015
2024-01-01 01:07:00,Line-C,BATCH-103,划伤,0.9646239660495755
2024-01-01 01:08:00,Line-B,BATCH-102,划伤,0.9763451749934543
2024-01-01 01:09:00,Line-A,BATCH-106,划伤,0.8500919298772452
2024-01-01 01:10:00,Line-A,BATCH-100,异物,0.8857946836859807
2024-01-01 01:11:00,Line-A,BATCH-100,异物,0.9869496182994842
2024-01-01 01:12:00,Line-B,BATCH-100,脏污,0.9668110123302766
2024-01-01 01:13:00,Line-A,BATCH-100,裂纹,0.9719409412252884
2024-01-01 01:14:00,Line-A,BATCH-106,异物,0.9690080790557435
2024-01-01 01:15:00,Line-A,BATCH-109,异物,0.9436391438375473
2024-01-01 01:16:00,Line-A,BATCH-105,划伤,0.8663981470901356
2024-01-01 01:17:00,Line-A,BATCH-104,划伤,0.8827404306576577
2024-01-01 01:18:00,Line-A,BATCH-102,异物,0.8626172417568828
2024-01-01 01:19:00,Line-C,BATCH-103,漏装,0.9798702942737604
2024-01-01 01:20:00,Line-A,BATCH-106,变形,0.9059685961684134
2024-01-01 01:21:00,Line-A,BATCH-103,漏装,0.9718765444025619
2024-01-01 01:22:00,Line-B,BATCH-105,变形,0.980000342473589
2024-01-01 01:23:00,Line-B,BATCH-104,划伤,0.9718336440150124
2024-01-01 01:24:00,Line-B,BATCH-108,异物,0.9338378074225988
2024-01-01 01:25:00,Line-C,BATCH-105,变形,0.9391976140445896
2024-01-01 01:26:00,Line-B,BATCH-100,脏污,0.9020182707511835
2024-01-01 01:27:00,Line-A,BATCH-109,异物,0.9565076332844799
2024-01-01 01:28:00,Line-C,BATCH-104,划伤,0.9811461252959472
2024-01-01 01:29:00,Line-B,BATCH-107,异物,0.9528868738263064
2024-01-01 01:30:00,Line-B,BATCH-104,异物,0.9428552073872474
2024-01-01 01:31:00,Line-B,BATCH-106,漏装,0.8616100349285584
2024-01-01 01:32:00,Line-C,BATCH-106,划伤,0.8991154942911945
2024-01-01 01:33:00,Line-B,BATCH-101,异物,0.9439295655135193
2024-01-01 01:34:00,Line-B,BATCH-106,异物,0.8569714383120223
2024-01-01 01:35:00,Line-B,BATCH-100,划伤,0.9600586102455232
2024-01-01 01:36:00,Line-A,BATCH-102,划伤,0.9354691115736254
2024-01-01 01:37:00,Line-A,BATCH-102,划伤,0.8596600932991711
2024-01-01 01:38:00,Line-B,BATCH-109,划伤,0.8948530286980683
2024-01-01 01:39:00,Line-C,BATCH-103,漏装,0.889694247505114
2024-01-01 01:40:00,Line-C,BATCH-100,划伤,0.9589566672406685
2024-01-01 01:41:00,Line-A,BATCH-109,异物,0.8534829028742914
2024-01-01 01:42:00,Line-A,BATCH-100,漏装,0.9552921181216365
2024-01-01 01:43:00,Line-B,BATCH-106,异物,0.9547760524206558
2024-01-01 01:44:00,Line-A,BATCH-107,变形,0.8807662998919825
2024-01-01 01:45:00,Line-A,BATCH-105,异物,0.9385372110525393
2024-01-01 01:46:00,Line-C,BATCH-103,划伤,0.9378180971525292
2024-01-01 01:47:00,Line-A,BATCH-108,划伤,0.9422084374666562
2024-01-01 01:48:00,Line-C,BATCH-103,划伤,0.9759467402872187
2024-01-01 01:49:00,Line-B,BATCH-104,划伤,0.9197730284529869
2024-01-01 01:50:00,Line-B,BATCH-100,异物,0.9592670642997358
2024-01-01 01:51:00,Line-A,BATCH-107,划伤,0.8890468766235674
2024-01-01 01:52:00,Line-C,BATCH-104,划伤,0.9459918606069372
2024-01-01 01:53:00,Line-A,BATCH-101,异物,0.9579000729570173
2024-01-01 01:54:00,Line-B,BATCH-104,划伤,0.9727134409970567
2024-01-01 01:55:00,Line-A,BATCH-106,划伤,0.9735504022649514
2024-01-01 01:56:00,Line-A,BATCH-108,划伤,0.9496439075097393
2024-01-01 01:57:00,Line-B,BATCH-104,脏污,0.9335387290104002
2024-01-01 01:58:00,Line-B,BATCH-105,划伤,0.8926791841804567
2024-01-01 01:59:00,Line-B,BATCH-102,划伤,0.855635613775503
2024-01-01 02:00:00,Line-B,BATCH-101,异物,0.9468478334655647
2024-01-01 02:01:00,Line-A,BATCH-104,划伤,0.8742378526914228
2024-01-01 02:02:00,Line-C,BATCH-102,划伤,0.9675151907857176
2024-01-01 02:03:00,Line-B,BATCH-105,异物,0.8898259318352061
2024-01-01 02:04:00,Line-C,BATCH-106,划伤,0.9168159950579298
2024-01-01 02:05:00,Line-A,BATCH-100,异物,0.8540196001820104
2024-01-01 02:06:00,Line-B,BATCH-102,漏装,0.8582008439555281
2024-01-01 02:07:00,Line-C,BATCH-104,划伤,0.9276932177009706
2024-01-01 02:08:00,Line-B,BATCH-105,划伤,0.9252073587255869
2024-01-01 02:09:00,Line-B,BATCH-108,变形,0.9611107335120401
2024-01-01 02:10:00,Line-A,BATCH-109,划伤,0.9276140798241382
2024-01-01 02:11:00,Line-A,BATCH-100,脏污,0.9488507075048106
2024-01-01 02:12:00,Line-B,BATCH-102,异物,0.8575482561415465
2024-01-01 02:13:00,Line-C,BATCH-106,漏装,0.9459611571646471
2024-01-01 02:14:00,Line-B,BATCH-100,脏污,0.9756627167162518
2024-01-01 02:15:00,Line-B,BATCH-101,异物,0.8900991963868501
2024-01-01 02:16:00,Line-C,BATCH-105,划伤,0.9441320845757032
2024-01-01 02:17:00,Line-A,BATCH-109,划伤,0.9604467583749423
2024-01-01 02:18:00,Line-B,BATCH-100,划伤,0.973188651687577
2024-01-01 02:19:00,Line-C,BATCH-105,漏装,0.8876950288487404
2024-01-01 02:20:00,Line-B,BATCH-105,脏污,0.9237302681937145
2024-01-01 02:21:00,Line-C,BATCH-102,异物,0.9436585633868728
2024-01-01 02:22:00,Line-C,BATCH-109,划伤,0.9772890655663016
2024-01-01 02:23:00,Line-B,BATCH-109,脏污,0.9785301336848281
2024-01-01 02:24:00,Line-A,BATCH-107,划伤,0.8657697967888158
2024-01-01 02:25:00,Line-B,BATCH-105,脏污,0.9691000715760075
2024-01-01 02:26:00,Line-A,BATCH-102,异物,0.9798195284137614
2024-01-01 02:27:00,Line-C,BATCH-109,划伤,0.9801539170551148
2024-01-01 02:28:00,Line-C,BATCH-103,异物,0.8963724487938739
2024-01-01 02:29:00,Line-B,BATCH-102,划伤,0.9036267141665887
2024-01-01 02:30:00,Line-B,BATCH-107,划伤,0.9119651834265725
2024-01-01 02:31:00,Line-A,BATCH-105,划伤,0.944373992390169
2024-01-01 02:32:00,Line-A,BATCH-109,脏污,0.8821668343527309
2024-01-01 02:33:00,Line-C,BATCH-100,脏污,0.9160646006931231
2024-01-01 02:34:00,Line-B,BATCH-103,划伤,0.8656425509627544
2024-01-01 02:35:00,Line-B,BATCH-109,异物,0.9177166190782744
2024-01-01 02:36:00,Line-C,BATCH-100,异物,0.9062910710631017
2024-01-01 02:37:00,Line-C,BATCH-106,划伤,0.9055673625160011
2024-01-01 02:38:00,Line-C,BATCH-107,异物,0.9660988182840622
2024-01-01 02:39:00,Line-B,BATCH-101,划伤,0.9014655438817346
2024-01-01 02:40:00,Line-B,BATCH-107,划伤,0.9538126409420844
2024-01-01 02:41:00,Line-C,BATCH-101,划伤,0.9464412603969293
2024-01-01 02:42:00,Line-C,BATCH-107,异物,0.8701140644134167
2024-01-01 02:43:00,Line-A,BATCH-101,异物,0.90853712856996
2024-01-01 02:44:00,Line-B,BATCH-103,划伤,0.8729910791559063
2024-01-01 02:45:00,Line-A,BATCH-105,漏装,0.9045219113774683
2024-01-01 02:46:00,Line-C,BATCH-100,脏污,0.8528586118860091
2024-01-01 02:47:00,Line-A,BATCH-104,划伤,0.8877521798728035
2024-01-01 02:48:00,Line-C,BATCH-105,异物,0.9236398870960615
2024-01-01 02:49:00,Line-B,BATCH-101,划伤,0.9604336501904056
2024-01-01 02:50:00,Line-B,BATCH-101,划伤,0.9566850714545361
2024-01-01 02:51:00,Line-B,BATCH-108,异物,0.9074472999052992
2024-01-01 02:52:00,Line-C,BATCH-107,异物,0.8701921352193543
2024-01-01 02:53:00,Line-A,BATCH-109,异物,0.9317258310106966
2024-01-01 02:54:00,Line-A,BATCH-103,划伤,0.9849192720071248
2024-01-01 02:55:00,Line-B,BATCH-103,划伤,0.9026400348219531
2024-01-01 02:56:00,Line-A,BATCH-104,划伤,0.9281471251857768
2024-01-01 02:57:00,Line-C,BATCH-103,脏污,0.8888583603801434
2024-01-01 02:58:00,Line-A,BATCH-102,裂纹,0.8983383521411807
2024-01-01 02:59:00,Line-B,BATCH-101,异物,0.8780410305496863
2024-01-01 03:00:00,Line-B,BATCH-109,异物,0.9466381257640125
2024-01-01 03:01:00,Line-B,BATCH-109,划伤,0.8992819018735704
2024-01-01 03:02:00,Line-B,BATCH-108,划伤,0.8841157085510891
2024-01-01 03:03:00,Line-C,BATCH-105,异物,0.8956896032841271
2024-01-01 03:04:00,Line-C,BATCH-103,划伤,0.9738228595275252
2024-01-01 03:05:00,Line-B,BATCH-108,异物,0.8663932995243385
2024-01-01 03:06:00,Line-A,BATCH-106,划伤,0.9127669638356474
2024-01-01 03:07:00,Line-C,BATCH-101,异物,0.9765615287717752
2024-01-01 03:08:00,Line-C,BATCH-107,划伤,0.9867916619166499
2024-01-01 03:09:00,Line-B,BATCH-102,变形,0.9728206077466002
2024-01-01 03:10:00,Line-B,BATCH-109,划伤,0.9638349877498913
2024-01-01 03:11:00,Line-A,BATCH-107,划伤,0.9734452818542856
2024-01-01 03:12:00,Line-A,BATCH-108,划伤,0.9168129392858267
2024-01-01 03:13:00,Line-C,BATCH-100,异物,0.9336192303142131
2024-01-01 03:14:00,Line-A,BATCH-100,漏装,0.9765509633014497
2024-01-01 03:15:00,Line-C,BATCH-105,划伤,0.9552830787444363
2024-01-01 03:16:00,Line-A,BATCH-102,异物,0.925844204392453
2024-01-01 03:17:00,Line-B,BATCH-107,划伤,0.9697854707603711
2024-01-01 03:18:00,Line-C,BATCH-100,漏装,0.9548029442295827
2024-01-01 03:19:00,Line-C,BATCH-109,脏污,0.8913947889896627
2024-01-01 03:20:00,Line-C,BATCH-100,划伤,0.9695430787394889
2024-01-01 03:21:00,Line-C,BATCH-108,异物,0.9313566378090897
2024-01-01 03:22:00,Line-B,BATCH-109,脏污,0.8710704136174037
2024-01-01 03:23:00,Line-A,BATCH-101,漏装,0.9605131188832676
2024-01-01 03:24:00,Line-C,BATCH-105,异物,0.8755835899097674
2024-01-01 03:25:00,Line-A,BATCH-101,异物,0.9716257781382239
2024-01-01 03:26:00,Line-B,BATCH-105,异物,0.8799925965320944
2024-01-01 03:27:00,Line-B,BATCH-104,异物,0.866829561097004
2024-01-01 03:28:00,Line-A,BATCH-109,划伤,0.9857335717214721
2024-01-01 03:29:00,Line-A,BATCH-106,划伤,0.9863442385910057
2024-01-01 03:30:00,Line-B,BATCH-104,划伤,0.8718531645096042
2024-01-01 03:31:00,Line-A,BATCH-109,划伤,0.9487742979550386
2024-01-01 03:32:00,Line-C,BATCH-102,划伤,0.9155681398608012
2024-01-01 03:33:00,Line-C,BATCH-100,异物,0.9802000899326592
2024-01-01 03:34:00,Line-C,BATCH-101,异物,0.8952762490037617
2024-01-01 03:35:00,Line-A,BATCH-108,划伤,0.8726845906387342
2024-01-01 03:36:00,Line-A,BATCH-102,划伤,0.938426974718431
2024-01-01 03:37:00,Line-B,BATCH-102,异物,0.8891161560908113
2024-01-01 03:38:00,Line-C,BATCH-104,划伤,0.8888919774090925
2024-01-01 03:39:00,Line-C,BATCH-100,划伤,0.946197291232955
2024-01-01 03:40:00,Line-B,BATCH-102,异物,0.9067812222853437
2024-01-01 03:41:00,Line-A,BATCH-105,划伤,0.9442111056822087
2024-01-01 03:42:00,Line-B,BATCH-105,异物,0.8717061374610631
2024-01-01 03:43:00,Line-B,BATCH-102,异物,0.9670652777346525
2024-01-01 03:44:00,Line-B,BATCH-104,划伤,0.8531288602096749
2024-01-01 03:45:00,Line-A,BATCH-108,划伤,0.9712247958224943
2024-01-01 03:46:00,Line-A,BATCH-102,脏污,0.9712455534666236
2024-01-01 03:47:00,Line-B,BATCH-108,异物,0.8977084354382189
2024-01-01 03:48:00,Line-C,BATCH-107,异物,0.9473217260367387
2024-01-01 03:49:00,Line-B,BATCH-100,异物,0.8816005047589366
2024-01-01 03:50:00,Line-C,BATCH-106,异物,0.9239825925921419
2024-01-01 03:51:00,Line-C,BATCH-107,划伤,0.8623548811684756
2024-01-01 03:52:00,Line-C,BATCH-105,划伤,0.8808677210687244
2024-01-01 03:53:00,Line-C,BATCH-101,划伤,0.890581036336254
2024-01-01 03:54:00,Line-B,BATCH-103,漏装,0.876019542116207
2024-01-01 03:55:00,Line-C,BATCH-104,划伤,0.9880804680036962
2024-01-01 03:56:00,Line-B,BATCH-100,划伤,0.8825106868684708
2024-01-01 03:57:00,Line-C,BATCH-108,划伤,0.9006231855064677
2024-01-01 03:58:00,Line-B,BATCH-100,漏装,0.9521711155852864
2024-01-01 03:59:00,Line-A,BATCH-103,异物,0.975576685520814
2024-01-01 04:00:00,Line-B,BATCH-106,划伤,0.9446310017717195
2024-01-01 04:01:00,Line-A,BATCH-105,划伤,0.8906862738227622
2024-01-01 04:02:00,Line-A,BATCH-101,划伤,0.8730219009025161
2024-01-01 04:03:00,Line-C,BATCH-104,变形,0.9062207031197157
2024-01-01 04:04:00,Line-B,BATCH-104,划伤,0.9087001200230787
2024-01-01 04:05:00,Line-B,BATCH-106,漏装,0.9840318331541181
2024-01-01 04:06:00,Line-A,BATCH-101,异物,0.8936393684073544
2024-01-01 04:07:00,Line-B,BATCH-102,划伤,0.8629300027933782
2024-01-01 04:08:00,Line-A,BATCH-103,漏装,0.8533217174207116
2024-01-01 04:09:00,Line-B,BATCH-101,划伤,0.9347207659630145
2024-01-01 04:10:00,Line-B,BATCH-109,划伤,0.9335165581401631
2024-01-01 04:11:00,Line-C,BATCH-109,脏污,0.9187590835482308
2024-01-01 04:12:00,Line-C,BATCH-102,异物,0.916529173316834
2024-01-01 04:13:00,Line-A,BATCH-105,划伤,0.9897543201380907
2024-01-01 04:14:00,Line-B,BATCH-100,脏污,0.8946896764798031
2024-01-01 04:15:00,Line-A,BATCH-108,脏污,0.899279279164134
2024-01-01 04:16:00,Line-B,BATCH-104,变形,0.9696763181829796
2024-01-01 04:17:00,Line-C,BATCH-106,划伤,0.9722156998092053
2024-01-01 04:18:00,Line-C,BATCH-104,划伤,0.9887606715761347
2024-01-01 04:19:00,Line-B,BATCH-108,异物,0.9703110931747783
2024-01-01 04:20:00,Line-B,BATCH-106,异物,0.9807466727600042
2024-01-01 04:21:00,Line-C,BATCH-102,漏装,0.9376707311338336
2024-01-01 04:22:00,Line-A,BATCH-106,脏污,0.8551460616870104
2024-01-01 04:23:00,Line-B,BATCH-104,脏污,0.9885009907854388
2024-01-01 04:24:00,Line-B,BATCH-103,漏装,0.9185152985160634
2024-01-01 04:25:00,Line-C,BATCH-106,划伤,0.9352701376278314
2024-01-01 04:26:00,Line-B,BATCH-107,变形,0.8577203371864102
2024-01-01 04:27:00,Line-B,BATCH-104,划伤,0.9540050360499489
2024-01-01 04:28:00,Line-B,BATCH-106,划伤,0.9079652120427157
2024-01-01 04:29:00,Line-B,BATCH-100,划伤,0.9154550629836976
2024-01-01 04:30:00,Line-B,BATCH-100,脏污,0.9771802112355085
2024-01-01 04:31:00,Line-B,BATCH-106,脏污,0.9182653738565878
2024-01-01 04:32:00,Line-C,BATCH-106,异物,0.9399922967805783
2024-01-01 04:33:00,Line-C,BATCH-104,划伤,0.9073527552509684
2024-01-01 04:34:00,Line-A,BATCH-100,异物,0.8707724751622072
2024-01-01 04:35:00,Line-A,BATCH-107,异物,0.8730403006421047
2024-01-01 04:36:00,Line-A,BATCH-106,划伤,0.9709006134405007
2024-01-01 04:37:00,Line-C,BATCH-103,脏污,0.8701084607409183
2024-01-01 04:38:00,Line-C,BATCH-100,划伤,0.8508167904793639
2024-01-01 04:39:00,Line-C,BATCH-103,划伤,0.9190421254427187
2024-01-01 04:40:00,Line-A,BATCH-105,异物,0.8842658858741005
2024-01-01 04:41:00,Line-A,BATCH-103,变形,0.8624410320616026
2024-01-01 04:42:00,Line-C,BATCH-100,划伤,0.8923317248930863
2024-01-01 04:43:00,Line-C,BATCH-107,异物,0.9837594753686241
2024-01-01 04:44:00,Line-A,BATCH-103,划伤,0.8515012107148653
2024-01-01 04:45:00,Line-C,BATCH-101,异物,0.9158309459218884
2024-01-01 04:46:00,Line-B,BATCH-106,划伤,0.9470650605147628
2024-01-01 04:47:00,Line-A,BATCH-100,异物,0.8691033579934374
2024-01-01 04:48:00,Line-C,BATCH-105,异物,0.9361288057937389
2024-01-01 04:49:00,Line-C,BATCH-104,划伤,0.9177444125722038
2024-01-01 04:50:00,Line-C,BATCH-100,异物,0.9497466432271316
2024-01-01 04:51:00,Line-C,BATCH-105,划伤,0.8550036100537775
2024-01-01 04:52:00,Line-C,BATCH-100,异物,0.9592611370552967
2024-01-01 04:53:00,Line-C,BATCH-100,脏污,0.9613043347767339
2024-01-01 04:54:00,Line-B,BATCH-109,划伤,0.9169937097395776
2024-01-01 04:55:00,Line-B,BATCH-105,划伤,0.9180840866682749
2024-01-01 04:56:00,Line-C,BATCH-109,异物,0.9101673084474647
2024-01-01 04:57:00,Line-C,BATCH-105,漏装,0.972102660727148
2024-01-01 04:58:00,Line-A,BATCH-105,异物,0.8657825935793377
2024-01-01 04:59:00,Line-C,BATCH-109,划伤,0.8509267072717046
2024-01-01 05:00:00,Line-B,BATCH-103,异物,0.9796800115565139
2024-01-01 05:01:00,Line-B,BATCH-100,划伤,0.9751556928500162
2024-01-01 05:02:00,Line-A,BATCH-106,划伤,0.9224374216290827
2024-01-01 05:03:00,Line-A,BATCH-103,异物,0.9251566355739465
2024-01-01 05:04:00,Line-C,BATCH-107,划伤,0.8857834373625679
2024-01-01 05:05:00,Line-C,BATCH-105,异物,0.8572793169029432
2024-01-01 05:06:00,Line-C,BATCH-100,脏污,0.9021240316034556
2024-01-01 05:07:00,Line-B,BATCH-103,脏污,0.9203736274616313
2024-01-01 05:08:00,Line-B,BATCH-102,漏装,0.9854530944814166
2024-01-01 05:09:00,Line-B,BATCH-107,划伤,0.8823135027987069
2024-01-01 05:10:00,Line-A,BATCH-105,划伤,0.8637028351654313
2024-01-01 05:11:00,Line-B,BATCH-108,划伤,0.9000327748619396
2024-01-01 05:12:00,Line-C,BATCH-107,划伤,0.9322851847623698
2024-01-01 05:13:00,Line-B,BATCH-106,异物,0.9090841190552953
2024-01-01 05:14:00,Line-C,BATCH-107,划伤,0.8759475445358953
2024-01-01 05:15:00,Line-B,BATCH-107,划伤,0.9208448135328838
2024-01-01 05:16:00,Line-C,BATCH-105,异物,0.9722110895699436
2024-01-01 05:17:00,Line-B,BATCH-109,划伤,0.9090006321287246
2024-01-01 05:18:00,Line-C,BATCH-105,漏装,0.8600162538435735
2024-01-01 05:19:00,Line-B,BATCH-107,划伤,0.8504761906757473
2024-01-01 05:20:00,Line-B,BATCH-101,裂纹,0.983030522197904
2024-01-01 05:21:00,Line-C,BATCH-106,裂纹,0.9198859274588409
2024-01-01 05:22:00,Line-C,BATCH-106,划伤,0.9616010887914087
2024-01-01 05:23:00,Line-C,BATCH-100,漏装,0.965171105459262
2024-01-01 05:24:00,Line-C,BATCH-102,划伤,0.9431449187493389
2024-01-01 05:25:00,Line-B,BATCH-101,划伤,0.9834114165096293
2024-01-01 05:26:00,Line-A,BATCH-108,划伤,0.9033743249953047
2024-01-01 05:27:00,Line-C,BATCH-106,异物,0.9221678142441622
2024-01-01 05:28:00,Line-C,BATCH-106,异物,0.9519044429480042
2024-01-01 05:29:00,Line-B,BATCH-109,异物,0.9671808889198484
2024-01-01 05:30:00,Line-A,BATCH-104,划伤,0.9097710551922285
2024-01-01 05:31:00,Line-A,BATCH-105,划伤,0.9022101361318188
2024-01-01 05:32:00,Line-C,BATCH-109,脏污,0.8753915161933806
2024-01-01 05:33:00,Line-A,BATCH-103,划伤,0.9047316445085939
2024-01-01 05:34:00,Line-C,BATCH-108,变形,0.9714126185404081
2024-01-01 05:35:00,Line-A,BATCH-107,异物,0.9827667835743291
2024-01-01 05:36:00,Line-B,BATCH-108,异物,0.8571749250876333
2024-01-01 05:37:00,Line-C,BATCH-105,脏污,0.9102342331545479
2024-01-01 05:38:00,Line-C,BATCH-104,划伤,0.929729866674303
2024-01-01 05:39:00,Line-A,BATCH-106,划伤,0.9144558587484205
2024-01-01 05:40:00,Line-A,BATCH-101,划伤,0.8982111942892739
2024-01-01 05:41:00,Line-C,BATCH-101,脏污,0.9689077680145944
2024-01-01 05:42:00,Line-B,BATCH-109,脏污,0.9174297674877022
2024-01-01 05:43:00,Line-A,BATCH-104,脏污,0.8929017155506176
2024-01-01 05:44:00,Line-B,BATCH-109,脏污,0.9045112733645634
2024-01-01 05:45:00,Line-B,BATCH-107,划伤,0.8833033520388549
2024-01-01 05:46:00,Line-A,BATCH-103,划伤,0.8725123882825533
2024-01-01 05:47:00,Line-A,BATCH-107,划伤,0.8637380598803587
2024-01-01 05:48:00,Line-B,BATCH-101,异物,0.8788856111475513
2024-01-01 05:49:00,Line-A,BATCH-106,脏污,0.9040653004742931
2024-01-01 05:50:00,Line-C,BATCH-105,划伤,0.976572652847485
2024-01-01 05:51:00,Line-C,BATCH-107,划伤,0.8968850874342658
2024-01-01 05:52:00,Line-C,BATCH-108,异物,0.9714433222032474
2024-01-01 05:53:00,Line-C,BATCH-103,异物,0.9214667601698553
2024-01-01 05:54:00,Line-A,BATCH-108,划伤,0.8660766516105792
2024-01-01 05:55:00,Line-C,BATCH-106,异物,0.9014618581343772
2024-01-01 05:56:00,Line-A,BATCH-105,划伤,0.8841069515736476
2024-01-01 05:57:00,Line-B,BATCH-103,划伤,0.9315935202567052
2024-01-01 05:58:00,Line-B,BATCH-105,划伤,0.9770686756976914
2024-01-01 05:59:00,Line-B,BATCH-108,划伤,0.8875137372357886
2024-01-01 06:00:00,Line-B,BATCH-101,异物,0.9098282981331366
2024-01-01 06:01:00,Line-B,BATCH-103,划伤,0.975219232671437
2024-01-01 06:02:00,Line-C,BATCH-103,划伤,0.9072848022391327
2024-01-01 06:03:00,Line-C,BATCH-101,异物,0.9396148518473758
2024-01-01 06:04:00,Line-A,BATCH-107,划伤,0.9347518861621283
2024-01-01 06:05:00,Line-C,BATCH-104,划伤,0.9879715485055304
2024-01-01 06:06:00,Line-B,BATCH-103,划伤,0.8890239017526367
2024-01-01 06:07:00,Line-A,BATCH-106,裂纹,0.9708293983492522
2024-01-01 06:08:00,Line-A,BATCH-107,裂纹,0.9277518383691055
2024-01-01 06:09:00,Line-C,BATCH-105,脏污,0.8902838084501882
2024-01-01 06:10:00,Line-C,BATCH-103,漏装,0.9782731625422819
2024-01-01 06:11:00,Line-A,BATCH-102,异物,0.8646220839287015
2024-01-01 06:12:00,Line-B,BATCH-106,漏装,0.957738114692147
2024-01-01 06:13:00,Line-B,BATCH-103,漏装,0.9725519243226582
2024-01-01 06:14:00,Line-A,BATCH-103,划伤,0.987582005883071
2024-01-01 06:15:00,Line-C,BATCH-105,漏装,0.9590308157986478
2024-01-01 06:16:00,Line-C,BATCH-109,漏装,0.915384456742598
2024-01-01 06:17:00,Line-A,BATCH-108,划伤,0.9163472433792597
2024-01-01 06:18:00,Line-C,BATCH-101,异物,0.8715879198049515
2024-01-01 06:19:00,Line-A,BATCH-103,划伤,0.9796509360909459
2024-01-01 06:20:00,Line-C,BATCH-109,异物,0.857193069841648
2024-01-01 06:21:00,Line-C,BATCH-104,划伤,0.9044353801842904
2024-01-01 06:22:00,Line-A,BATCH-102,漏装,0.8737699744649646
2024-01-01 06:23:00,Line-B,BATCH-107,异物,0.8801073097276209
2024-01-01 06:24:00,Line-A,BATCH-103,划伤,0.8603400221890534
2024-01-01 06:25:00,Line-A,BATCH-106,划伤,0.9263159029798808
2024-01-01 06:26:00,Line-A,BATCH-103,划伤,0.9224065588114498
2024-01-01 06:27:00,Line-C,BATCH-106,异物,0.9312141053327387
2024-01-01 06:28:00,Line-C,BATCH-108,划伤,0.928093443973975
2024-01-01 06:29:00,Line-A,BATCH-107,脏污,0.9629264119267992
2024-01-01 06:30:00,Line-B,BATCH-101,异物,0.9574644846652923
2024-01-01 06:31:00,Line-B,BATCH-102,变形,0.9562635972859197
2024-01-01 06:32:00,Line-C,BATCH-100,脏污,0.9817155680242896
2024-01-01 06:33:00,Line-C,BATCH-109,异物,0.9445536978183553
2024-01-01 06:34:00,Line-B,BATCH-106,划伤,0.9373673037933347
2024-01-01 06:35:00,Line-A,BATCH-102,划伤,0.8688270254684575
2024-01-01 06:36:00,Line-C,BATCH-104,划伤,0.8932767892943118
2024-01-01 06:37:00,Line-B,BATCH-108,异物,0.858722011080388
2024-01-01 06:38:00,Line-B,BATCH-103,异物,0.9278693262621183
2024-01-01 06:39:00,Line-A,BATCH-105,异物,0.8945256390911467
2024-01-01 06:40:00,Line-A,BATCH-108,划伤,0.859532059978173
2024-01-01 06:41:00,Line-C,BATCH-109,划伤,0.9159810061284914
2024-01-01 06:42:00,Line-C,BATCH-106,裂纹,0.9229052026339816
2024-01-01 06:43:00,Line-B,BATCH-100,脏污,0.9892251447557086
2024-01-01 06:44:00,Line-B,BATCH-106,脏污,0.9303054304268584
2024-01-01 06:45:00,Line-C,BATCH-106,划伤,0.9649447121521285
2024-01-01 06:46:00,Line-A,BATCH-105,划伤,0.9766720075062311
2024-01-01 06:47:00,Line-B,BATCH-102,划伤,0.9087638085776658
2024-01-01 06:48:00,Line-C,BATCH-109,异物,0.9545033121721284
2024-01-01 06:49:00,Line-A,BATCH-101,划伤,0.9341623505923784
2024-01-01 06:50:00,Line-C,BATCH-103,漏装,0.9006617560449824
2024-01-01 06:51:00,Line-A,BATCH-108,划伤,0.9462109944755277
2024-01-01 06:52:00,Line-A,BATCH-105,裂纹,0.9405093161601619
2024-01-01 06:53:00,Line-A,BATCH-105,异物,0.9510439777462669
2024-01-01 06:54:00,Line-C,BATCH-100,异物,0.8631585833978483
2024-01-01 06:55:00,Line-B,BATCH-103,异物,0.931836426271603
2024-01-01 06:56:00,Line-C,BATCH-108,变形,0.9323524701655558
2024-01-01 06:57:00,Line-A,BATCH-109,划伤,0.8825661056663234
2024-01-01 06:58:00,Line-B,BATCH-101,异物,0.8559244992630886
2024-01-01 06:59:00,Line-B,BATCH-108,划伤,0.9518626588220115
2024-01-01 07:00:00,Line-C,BATCH-108,变形,0.9449538443864097
2024-01-01 07:01:00,Line-B,BATCH-102,划伤,0.8935552867433465
2024-01-01 07:02:00,Line-A,BATCH-103,异物,0.9872033827900848
2024-01-01 07:03:00,Line-C,BATCH-107,划伤,0.9842332175363055
2024-01-01 07:04:00,Line-C,BATCH-103,裂纹,0.928028312744514
2024-01-01 07:05:00,Line-B,BATCH-101,异物,0.9235916307076469
2024-01-01 07:06:00,Line-B,BATCH-108,划伤,0.9328380030445997
2024-01-01 07:07:00,Line-A,BATCH-109,划伤,0.8993120623006198
2024-01-01 07:08:00,Line-C,BATCH-103,漏装,0.873601031052249
2024-01-01 07:09:00,Line-C,BATCH-103,划伤,0.9656220081065584
2024-01-01 07:10:00,Line-C,BATCH-103,划伤,0.9781026134664791
2024-01-01 07:11:00,Line-A,BATCH-106,划伤,0.9034113369251339
2024-01-01 07:12:00,Line-A,BATCH-101,划伤,0.8995902518623042
2024-01-01 07:13:00,Line-B,BATCH-100,划伤,0.9612375832472657
2024-01-01 07:14:00,Line-B,BATCH-101,划伤,0.9594518257764378
2024-01-01 07:15:00,Line-B,BATCH-101,划伤,0.8583977395386265
2024-01-01 07:16:00,Line-A,BATCH-101,划伤,0.9280709700485236
2024-01-01 07:17:00,Line-C,BATCH-109,异物,0.8605873438791606
2024-01-01 07:18:00,Line-A,BATCH-103,划伤,0.9480089893091096
2024-01-01 07:19:00,Line-B,BATCH-104,划伤,0.8656801891485633
2024-01-01 07:20:00,Line-B,BATCH-103,脏污,0.9850552538834051
2024-01-01 07:21:00,Line-B,BATCH-105,划伤,0.9330488283757868
2024-01-01 07:22:00,Line-C,BATCH-108,划伤,0.9548330247411576
2024-01-01 07:23:00,Line-C,BATCH-100,异物,0.9647547125496537
2024-01-01 07:24:00,Line-A,BATCH-108,脏污,0.8554431637495625
2024-01-01 07:25:00,Line-B,BATCH-100,划伤,0.9097934733935041
2024-01-01 07:26:00,Line-A,BATCH-103,异物,0.8837031538935071
2024-01-01 07:27:00,Line-B,BATCH-108,变形,0.9885116643765818
2024-01-01 07:28:00,Line-B,BATCH-107,变形,0.8565392211522187
2024-01-01 07:29:00,Line-A,BATCH-108,异物,0.8748180467730929
2024-01-01 07:30:00,Line-A,BATCH-100,划伤,0.8731255111485976
2024-01-01 07:31:00,Line-A,BATCH-101,异物,0.8827757194843638
2024-01-01 07:32:00,Line-A,BATCH-105,异物,0.8876803280763492
2024-01-01 07:33:00,Line-C,BATCH-107,漏装,0.8884610710279083
2024-01-01 07:34:00,Line-B,BATCH-104,划伤,0.8677515278611826
2024-01-01 07:35:00,Line-B,BATCH-109,异物,0.8760522543134387
2024-01-01 07:36:00,Line-C,BATCH-107,划伤,0.880161124896753
2024-01-01 07:37:00,Line-C,BATCH-107,划伤,0.8861721044417286
2024-01-01 07:38:00,Line-A,BATCH-102,异物,0.963624694293959
2024-01-01 07:39:00,Line-C,BATCH-103,划伤,0.8995041692858017
2024-01-01 07:40:00,Line-C,BATCH-107,漏装,0.873907215014962
2024-01-01 07:41:00,Line-B,BATCH-104,划伤,0.9021778534225537
2024-01-01 07:42:00,Line-B,BATCH-109,划伤,0.9321612753125262
2024-01-01 07:43:00,Line-B,BATCH-103,划伤,0.9535536027938496
2024-01-01 07:44:00,Line-B,BATCH-101,脏污,0.8703466963399719
2024-01-01 07:45:00,Line-B,BATCH-105,划伤,0.9185396053640343
2024-01-01 07:46:00,Line-A,BATCH-102,划伤,0.8788103213061472
2024-01-01 07:47:00,Line-B,BATCH-105,划伤,0.9214848214561556
2024-01-01 07:48:00,Line-B,BATCH-109,划伤,0.9559991320233509
2024-01-01 07:49:00,Line-A,BATCH-109,划伤,0.8991470424183099
2024-01-01 07:50:00,Line-A,BATCH-106,脏污,0.8968613822919994
2024-01-01 07:51:00,Line-C,BATCH-108,异物,0.9849123295174325
2024-01-01 07:52:00,Line-C,BATCH-109,划伤,0.9465092714019246
2024-01-01 07:53:00,Line-B,BATCH-105,脏污,0.9567856558598279
2024-01-01 07:54:00,Line-A,BATCH-108,划伤,0.861475088097577
2024-01-01 07:55:00,Line-A,BATCH-100,划伤,0.9726105184324659
2024-01-01 07:56:00,Line-C,BATCH-106,划伤,0.8843027860692176
2024-01-01 07:57:00,Line-C,BATCH-103,划伤,0.96250274416051
2024-01-01 07:58:00,Line-C,BATCH-101,异物,0.9254253619185696
2024-01-01 07:59:00,Line-C,BATCH-104,变形,0.9501452583321376
2024-01-01 08:00:00,Line-C,BATCH-108,划伤,0.9508175365245094
2024-01-01 08:01:00,Line-C,BATCH-101,脏污,0.8896915020557183
2024-01-01 08:02:00,Line-C,BATCH-105,异物,0.8507588281274144
2024-01-01 08:03:00,Line-B,BATCH-106,划伤,0.9561496041319026
2024-01-01 08:04:00,Line-C,BATCH-102,划伤,0.9719975910869503
2024-01-01 08:05:00,Line-B,BATCH-105,漏装,0.8914730593085471
2024-01-01 08:06:00,Line-B,BATCH-107,异物,0.853861484909174
2024-01-01 08:07:00,Line-A,BATCH-108,异物,0.8536443062822751
2024-01-01 08:08:00,Line-C,BATCH-106,划伤,0.8515130102785832
2024-01-01 08:09:00,Line-B,BATCH-106,划伤,0.9692717331258945
2024-01-01 08:10:00,Line-C,BATCH-107,划伤,0.9095437434948788
2024-01-01 08:11:00,Line-B,BATCH-107,划伤,0.8788074932054117
2024-01-01 08:12:00,Line-A,BATCH-109,划伤,0.9807862151016156
2024-01-01 08:13:00,Line-A,BATCH-109,变形,0.9621404260468958
2024-01-01 08:14:00,Line-C,BATCH-108,脏污,0.8619909986677359
2024-01-01 08:15:00,Line-C,BATCH-109,异物,0.9068288091116843
2024-01-01 08:16:00,Line-A,BATCH-101,划伤,0.9621017640132173
2024-01-01 08:17:00,Line-B,BATCH-101,脏污,0.9632797909878272
2024-01-01 08:18:00,Line-C,BATCH-101,划伤,0.8775008896993173
2024-01-01 08:19:00,Line-C,BATCH-100,裂纹,0.9048540012240532
2024-01-01 08:20:00,Line-B,BATCH-108,异物,0.9359684816239519
2024-01-01 08:21:00,Line-A,BATCH-107,划伤,0.9697813396289913
2024-01-01 08:22:00,Line-A,BATCH-100,异物,0.8987947279364051
2024-01-01 08:23:00,Line-B,BATCH-103,漏装,0.9751837338932484
2024-01-01 08:24:00,Line-B,BATCH-109,异物,0.9348455971094796
2024-01-01 08:25:00,Line-C,BATCH-106,异物,0.8729819094986798
2024-01-01 08:26:00,Line-B,BATCH-103,异物,0.9218289660118609
2024-01-01 08:27:00,Line-C,BATCH-105,异物,0.9000116336143597
2024-01-01 08:28:00,Line-C,BATCH-103,划伤,0.9604228413740137
2024-01-01 08:29:00,Line-C,BATCH-106,异物,0.9556022619721634
2024-01-01 08:30:00,Line-B,BATCH-105,漏装,0.935277413259337
2024-01-01 08:31:00,Line-A,BATCH-107,异物,0.8745858620973348
2024-01-01 08:32:00,Line-B,BATCH-105,划伤,0.8780462293888891
2024-01-01 08:33:00,Line-B,BATCH-103,划伤,0.8806966531107743
2024-01-01 08:34:00,Line-C,BATCH-101,划伤,0.9709261402522493
2024-01-01 08:35:00,Line-C,BATCH-100,划伤,0.8953898992053547
2024-01-01 08:36:00,Line-A,BATCH-101,划伤,0.9116437581179384
2024-01-01 08:37:00,Line-A,BATCH-105,异物,0.8813714476208586
2024-01-01 08:38:00,Line-B,BATCH-104,异物,0.915472794597466
2024-01-01 08:39:00,Line-B,BATCH-105,划伤,0.9746497637648148
2024-01-01 08:40:00,Line-C,BATCH-100,异物,0.861853559038684
2024-01-01 08:41:00,Line-C,BATCH-104,划伤,0.9514155899046866
2024-01-01 08:42:00,Line-C,BATCH-101,变形,0.9168739120137591
2024-01-01 08:43:00,Line-C,BATCH-103,划伤,0.8729508662059086
2024-01-01 08:44:00,Line-C,BATCH-106,划伤,0.8577869189542028
2024-01-01 08:45:00,Line-B,BATCH-103,划伤,0.9459050462671106
2024-01-01 08:46:00,Line-C,BATCH-109,划伤,0.9131114976587102
2024-01-01 08:47:00,Line-A,BATCH-105,异物,0.9076154749735882
2024-01-01 08:48:00,Line-C,BATCH-105,异物,0.9443821997434684
2024-01-01 08:49:00,Line-C,BATCH-105,漏装,0.9439850722409019
2024-01-01 08:50:00,Line-B,BATCH-107,异物,0.941702206473927
2024-01-01 08:51:00,Line-A,BATCH-105,划伤,0.9432032197368777
2024-01-01 08:52:00,Line-C,BATCH-107,划伤,0.853491142312069
2024-01-01 08:53:00,Line-B,BATCH-100,漏装,0.9532504698527705
2024-01-01 08:54:00,Line-C,BATCH-100,脏污,0.8962197875201751
2024-01-01 08:55:00,Line-B,BATCH-100,漏装,0.8977228028740002
2024-01-01 08:56:00,Line-B,BATCH-107,划伤,0.9781485372164334
2024-01-01 08:57:00,Line-C,BATCH-108,异物,0.951687033314303
2024-01-01 08:58:00,Line-B,BATCH-108,划伤,0.9734124177117583
2024-01-01 08:59:00,Line-B,BATCH-102,异物,0.8902161884996869
2024-01-01 09:00:00,Line-C,BATCH-102,异物,0.9246789988172059
2024-01-01 09:01:00,Line-B,BATCH-105,异物,0.8943564047024638
2024-01-01 09:02:00,Line-C,BATCH-104,划伤,0.8511480687940051
2024-01-01 09:03:00,Line-B,BATCH-106,异物,0.9416076332033543
2024-01-01 09:04:00,Line-B,BATCH-109,异物,0.8781516885081881
2024-01-01 09:05:00,Line-C,BATCH-102,异物,0.886469681294091
2024-01-01 09:06:00,Line-C,BATCH-106,异物,0.9045289362548933
2024-01-01 09:07:00,Line-C,BATCH-102,划伤,0.9681103576211554
2024-01-01 09:08:00,Line-A,BATCH-106,异物,0.8536637261659389
2024-01-01 09:09:00,Line-A,BATCH-101,异物,0.9881670660446662
2024-01-01 09:10:00,Line-B,BATCH-101,划伤,0.9632641293700445
2024-01-01 09:11:00,Line-B,BATCH-104,划伤,0.9885202305952984
2024-01-01 09:12:00,Line-C,BATCH-100,异物,0.9195763828016891
2024-01-01 09:13:00,Line-C,BATCH-108,脏污,0.9509671752800206
2024-01-01 09:14:00,Line-C,BATCH-105,变形,0.9295487495665817
2024-01-01 09:15:00,Line-C,BATCH-107,划伤,0.8910554229553308
2024-01-01 09:16:00,Line-C,BATCH-106,异物,0.9148249570824909
2024-01-01 09:17:00,Line-A,BATCH-105,划伤,0.9623332540861788
2024-01-01 09:18:00,Line-C,BATCH-107,划伤,0.9021837918111715
2024-01-01 09:19:00,Line-A,BATCH-104,异物,0.959973659401212
2024-01-01 09:20:00,Line-A,BATCH-102,划伤,0.9812594257989712
2024-01-01 09:21:00,Line-A,BATCH-106,划伤,0.8821723308225297
2024-01-01 09:22:00,Line-A,BATCH-109,划伤,0.9342310374847861
2024-01-01 09:23:00,Line-B,BATCH-108,划伤,0.9776802545977259
2024-01-01 09:24:00,Line-C,BATCH-104,脏污,0.8829577909242503
2024-01-01 09:25:00,Line-A,BATCH-108,异物,0.9521635887355238
2024-01-01 09:26:00,Line-B,BATCH-101,裂纹,0.9311839713858986
2024-01-01 09:27:00,Line-A,BATCH-108,漏装,0.904808886990337
2024-01-01 09:28:00,Line-C,BATCH-105,脏污,0.9603469322080893
2024-01-01 09:29:00,Line-C,BATCH-108,变形,0.9137427923673653
2024-01-01 09:30:00,Line-A,BATCH-106,划伤,0.9539000112399402
2024-01-01 09:31:00,Line-A,BATCH-105,漏装,0.8988481121741431
2024-01-01 09:32:00,Line-C,BATCH-108,异物,0.8797456207391903
2024-01-01 09:33:00,Line-B,BATCH-104,划伤,0.9784834142934503
2024-01-01 09:34:00,Line-C,BATCH-100,划伤,0.8839869262372342
2024-01-01 09:35:00,Line-C,BATCH-105,漏装,0.8536862541077058
2024-01-01 09:36:00,Line-A,BATCH-104,异物,0.972648858570178
2024-01-01 09:37:00,Line-C,BATCH-108,划伤,0.9342300889875608
2024-01-01 09:38:00,Line-C,BATCH-100,划伤,0.9396727254427377
2024-01-01 09:39:00,Line-C,BATCH-102,划伤,0.8526998738421196
2024-01-01 09:40:00,Line-A,BATCH-101,漏装,0.9853987369044883
2024-01-01 09:41:00,Line-B,BATCH-100,划伤,0.9647810937697161
2024-01-01 09:42:00,Line-C,BATCH-103,异物,0.8671231434052834
2024-01-01 09:43:00,Line-A,BATCH-101,划伤,0.9144257951090844
2024-01-01 09:44:00,Line-C,BATCH-107,划伤,0.984823668440207
2024-01-01 09:45:00,Line-C,BATCH-108,划伤,0.863033276348744
2024-01-01 09:46:00,Line-B,BATCH-100,划伤,0.868684392365557
2024-01-01 09:47:00,Line-A,BATCH-105,划伤,0.9549125952987348
2024-01-01 09:48:00,Line-B,BATCH-104,异物,0.9685488358419989
2024-01-01 09:49:00,Line-C,BATCH-104,划伤,0.8854768102471045
2024-01-01 09:50:00,Line-C,BATCH-105,划伤,0.9079327252250841
2024-01-01 09:51:00,Line-C,BATCH-108,异物,0.9783854307588045
2024-01-01 09:52:00,Line-B,BATCH-101,异物,0.9002544141916232
2024-01-01 09:53:00,Line-A,BATCH-107,划伤,0.9178269152534296
2024-01-01 09:54:00,Line-B,BATCH-109,划伤,0.9139692377874298
2024-01-01 09:55:00,Line-B,BATCH-103,划伤,0.8927562517348997
2024-01-01 09:56:00,Line-A,BATCH-104,脏污,0.9469566001701714
2024-01-01 09:57:00,Line-C,BATCH-103,划伤,0.9794772856747087
2024-01-01 09:58:00,Line-C,BATCH-103,异物,0.9140937351906059
2024-01-01 09:59:00,Line-A,BATCH-103,漏装,0.9530937245940596
2024-01-01 10:00:00,Line-A,BATCH-105,变形,0.9118161348821727
2024-01-01 10:01:00,Line-C,BATCH-100,脏污,0.9664375217136849
2024-01-01 10:02:00,Line-A,BATCH-100,异物,0.902937374050317
2024-01-01 10:03:00,Line-A,BATCH-101,异物,0.8931376881084772
2024-01-01 10:04:00,Line-A,BATCH-106,划伤,0.8656115774373642
2024-01-01 10:05:00,Line-B,BATCH-100,划伤,0.978213974266803
2024-01-01 10:06:00,Line-C,BATCH-102,划伤,0.9471231179123598
2024-01-01 10:07:00,Line-B,BATCH-102,漏装,0.9115943028900779
2024-01-01 10:08:00,Line-C,BATCH-102,划伤,0.9630325970630335
2024-01-01 10:09:00,Line-A,BATCH-102,漏装,0.9451517171323303
2024-01-01 10:10:00,Line-A,BATCH-109,裂纹,0.9358862102587667
2024-01-01 10:11:00,Line-A,BATCH-107,变形,0.8928248760630768
2024-01-01 10:12:00,Line-B,BATCH-101,划伤,0.8584025879437414
2024-01-01 10:13:00,Line-C,BATCH-102,划伤,0.9700415985050478
2024-01-01 10:14:00,Line-C,BATCH-105,划伤,0.8819356342949123
2024-01-01 10:15:00,Line-B,BATCH-101,划伤,0.9090993654243661
2024-01-01 10:16:00,Line-C,BATCH-108,漏装,0.9637594232346144
2024-01-01 10:17:00,Line-B,BATCH-105,划伤,0.8558530586676517
2024-01-01 10:18:00,Line-C,BATCH-105,划伤,0.9776290195023136
2024-01-01 10:19:00,Line-A,BATCH-106,脏污,0.8984700436206751
2024-01-01 10:20:00,Line-C,BATCH-101,漏装,0.9864559843294815
2024-01-01 10:21:00,Line-A,BATCH-107,脏污,0.8566467599377335
2024-01-01 10:22:00,Line-A,BATCH-107,脏污,0.9032236893236542
2024-01-01 10:23:00,Line-A,BATCH-108,划伤,0.9327608355909853
2024-01-01 10:24:00,Line-B,BATCH-107,划伤,0.9510790669563615
2024-01-01 10:25:00,Line-A,BATCH-108,脏污,0.9024350024555774
2024-01-01 10:26:00,Line-A,BATCH-106,划伤,0.86218576408713
2024-01-01 10:27:00,Line-B,BATCH-105,划伤,0.8630622670106138
2024-01-01 10:28:00,Line-C,BATCH-106,脏污,0.9757918713628778
2024-01-01 10:29:00,Line-A,BATCH-109,裂纹,0.9766948315834093
2024-01-01 10:30:00,Line-A,BATCH-107,划伤,0.9802964507022582
2024-01-01 10:31:00,Line-A,BATCH-108,脏污,0.9108873059922057
2024-01-01 10:32:00,Line-B,BATCH-101,划伤,0.9524676859530823
2024-01-01 10:33:00,Line-A,BATCH-100,划伤,0.9526168283165579
2024-01-01 10:34:00,Line-C,BATCH-101,划伤,0.9664183921096429
2024-01-01 10:35:00,Line-A,BATCH-101,划伤,0.9699844022078361
2024-01-01 10:36:00,Line-A,BATCH-105,脏污,0.9014868418308455
2024-01-01 10:37:00,Line-A,BATCH-108,划伤,0.9165778510630727
2024-01-01 10:38:00,Line-B,BATCH-104,异物,0.8531779949878259
2024-01-01 10:39:00,Line-A,BATCH-108,漏装,0.855734600797594
2024-01-01 10:40:00,Line-A,BATCH-109,划伤,0.9886884125292272
2024-01-01 10:41:00,Line-B,BATCH-108,异物,0.9254550113391402
2024-01-01 10:42:00,Line-A,BATCH-100,划伤,0.9246643098538655
2024-01-01 10:43:00,Line-C,BATCH-105,划伤,0.850557359099014
2024-01-01 10:44:00,Line-B,BATCH-109,变形,0.9868806055074862
2024-01-01 10:45:00,Line-C,BATCH-104,划伤,0.920079309737732
2024-01-01 10:46:00,Line-B,BATCH-105,划伤,0.9833236597662618
2024-01-01 10:47:00,Line-B,BATCH-105,脏污,0.878185551936244
2024-01-01 10:48:00,Line-A,BATCH-102,异物,0.9665920661282174
2024-01-01 10:49:00,Line-C,BATCH-103,划伤,0.9175024025339256
2024-01-01 10:50:00,Line-A,BATCH-105,异物,0.9775491458874008
2024-01-01 10:51:00,Line-B,BATCH-106,漏装,0.874138523112093
2024-01-01 10:52:00,Line-B,BATCH-100,划伤,0.9466867498346383
2024-01-01 10:53:00,Line-B,BATCH-106,异物,0.8671989097692646
2024-01-01 10:54:00,Line-C,BATCH-105,划伤,0.925051542296492
2024-01-01 10:55:00,Line-C,BATCH-105,异物,0.9712019408758888
2024-01-01 10:56:00,Line-A,BATCH-104,漏装,0.855838460158065
2024-01-01 10:57:00,Line-C,BATCH-107,划伤,0.8926457789076842
2024-01-01 10:58:00,Line-C,BATCH-103,划伤,0.8966643064797114
2024-01-01 10:59:00,Line-A,BATCH-106,漏装,0.8858783901387608
2024-01-01 11:00:00,Line-A,BATCH-108,裂纹,0.919395104361559
2024-01-01 11:01:00,Line-A,BATCH-107,划伤,0.9659315974734612
2024-01-01 11:02:00,Line-C,BATCH-108,异物,0.9466108810446672
2024-01-01 11:03:00,Line-A,BATCH-103,异物,0.9477844960321092
2024-01-01 11:04:00,Line-C,BATCH-108,划伤,0.9568335261571578
2024-01-01 11:05:00,Line-B,BATCH-108,异物,0.8604937025749492
2024-01-01 11:06:00,Line-A,BATCH-108,漏装,0.9692857975592691
2024-01-01 11:07:00,Line-C,BATCH-101,裂纹,0.9895033144506482
2024-01-01 11:08:00,Line-B,BATCH-106,异物,0.8514302155119121
2024-01-01 11:09:00,Line-A,BATCH-105,划伤,0.9584925434610767
2024-01-01 11:10:00,Line-B,BATCH-108,划伤,0.9427835585772494
2024-01-01 11:11:00,Line-A,BATCH-106,脏污,0.9756400312082292
2024-01-01 11:12:00,Line-C,BATCH-103,脏污,0.9117403373225742
2024-01-01 11:13:00,Line-B,BATCH-106,划伤,0.9270375235257547
2024-01-01 11:14:00,Line-C,BATCH-105,脏污,0.8747808022163597
2024-01-01 11:15:00,Line-A,BATCH-108,划伤,0.9538328132619402
2024-01-01 11:16:00,Line-A,BATCH-105,划伤,0.9555260675786044
2024-01-01 11:17:00,Line-C,BATCH-100,异物,0.9438401100382594
2024-01-01 11:18:00,Line-C,BATCH-106,划伤,0.9222711097484867
2024-01-01 11:19:00,Line-A,BATCH-101,变形,0.9312726670461262
2024-01-01 11:20:00,Line-C,BATCH-100,漏装,0.9501997402433459
2024-01-01 11:21:00,Line-B,BATCH-101,划伤,0.9229368915734788
2024-01-01 11:22:00,Line-B,BATCH-108,脏污,0.9657022689605175
2024-01-01 11:23:00,Line-A,BATCH-104,异物,0.9452070593513318
2024-01-01 11:24:00,Line-A,BATCH-109,异物,0.9833622787424798
2024-01-01 11:25:00,Line-B,BATCH-101,划伤,0.8591267832566453
2024-01-01 11:26:00,Line-C,BATCH-108,脏污,0.9071165152581372
2024-01-01 11:27:00,Line-B,BATCH-108,划伤,0.9831416421396555
2024-01-01 11:28:00,Line-A,BATCH-101,划伤,0.9347236650384698
2024-01-01 11:29:00,Line-A,BATCH-105,划伤,0.9067594362674068
2024-01-01 11:30:00,Line-B,BATCH-107,划伤,0.9860189334579736
2024-01-01 11:31:00,Line-B,BATCH-104,漏装,0.9407248999024157
2024-01-01 11:32:00,Line-C,BATCH-107,漏装,0.9610780801614637
2024-01-01 11:33:00,Line-B,BATCH-106,变形,0.9860720002193173
2024-01-01 11:34:00,Line-A,BATCH-105,划伤,0.929397519904898
2024-01-01 11:35:00,Line-A,BATCH-104,划伤,0.9779129235272879
2024-01-01 11:36:00,Line-B,BATCH-103,划伤,0.8613785842986672
2024-01-01 11:37:00,Line-A,BATCH-101,异物,0.9796403621767878
2024-01-01 11:38:00,Line-A,BATCH-108,异物,0.9887616696645046
2024-01-01 11:39:00,Line-A,BATCH-109,异物,0.8947448332676073
2024-01-01 11:40:00,Line-B,BATCH-109,划伤,0.9804376827436977
2024-01-01 11:41:00,Line-B,BATCH-103,异物,0.9772974742402951
2024-01-01 11:42:00,Line-A,BATCH-100,划伤,0.8511077453553473
2024-01-01 11:43:00,Line-C,BATCH-105,异物,0.9614995196779572
2024-01-01 11:44:00,Line-A,BATCH-109,异物,0.8737614238425867
2024-01-01 11:45:00,Line-C,BATCH-105,划伤,0.9436883961127442
2024-01-01 11:46:00,Line-C,BATCH-103,异物,0.9859779393293654
2024-01-01 11:47:00,Line-C,BATCH-108,异物,0.8764132552365561
2024-01-01 11:48:00,Line-A,BATCH-109,划伤,0.8611821867886859
2024-01-01 11:49:00,Line-A,BATCH-105,划伤,0.885969311842066
2024-01-01 11:50:00,Line-C,BATCH-105,脏污,0.9346626920894081
2024-01-01 11:51:00,Line-B,BATCH-100,变形,0.9161114741904282
2024-01-01 11:52:00,Line-B,BATCH-108,脏污,0.924944741232382
2024-01-01 11:53:00,Line-B,BATCH-102,划伤,0.8946225629643776
2024-01-01 11:54:00,Line-A,BATCH-103,划伤,0.8803641000101667
2024-01-01 11:55:00,Line-A,BATCH-106,划伤,0.8832795630606273
2024-01-01 11:56:00,Line-B,BATCH-105,异物,0.8677409351290907
2024-01-01 11:57:00,Line-A,BATCH-103,异物,0.863055764670521
2024-01-01 11:58:00,Line-B,BATCH-104,异物,0.9829906710108949
2024-01-01 11:59:00,Line-C,BATCH-108,划伤,0.9247488268357422
2024-01-01 12:00:00,Line-C,BATCH-109,漏装,0.9133636936126373
2024-01-01 12:01:00,Line-B,BATCH-103,划伤,0.8556453318015221
2024-01-01 12:02:00,Line-B,BATCH-108,划伤,0.9383232293177247
2024-01-01 12:03:00,Line-B,BATCH-102,异物,0.9707224063126382
2024-01-01 12:04:00,Line-C,BATCH-108,异物,0.9199327106916266
2024-01-01 12:05:00,Line-C,BATCH-102,划伤,0.9288873324863562
2024-01-01 12:06:00,Line-A,BATCH-109,异物,0.8729263190448064
2024-01-01 12:07:00,Line-A,BATCH-107,变形,0.9504563894044382
2024-01-01 12:08:00,Line-C,BATCH-109,划伤,0.9600553401095095
2024-01-01 12:09:00,Line-C,BATCH-100,裂纹,0.9432060005987005
2024-01-01 12:10:00,Line-A,BATCH-109,异物,0.8991721615632413
2024-01-01 12:11:00,Line-A,BATCH-105,划伤,0.9140544132030253
2024-01-01 12:12:00,Line-A,BATCH-107,异物,0.943023539840867
2024-01-01 12:13:00,Line-C,BATCH-102,裂纹,0.8715066528232719
2024-01-01 12:14:00,Line-A,BATCH-106,划伤,0.9270886593424721
2024-01-01 12:15:00,Line-B,BATCH-107,异物,0.9230933174668298
2024-01-01 12:16:00,Line-A,BATCH-105,划伤,0.8790366632619735
2024-01-01 12:17:00,Line-C,BATCH-107,变形,0.9728074792216247
2024-01-01 12:18:00,Line-A,BATCH-101,划伤,0.8957864731866247
2024-01-01 12:19:00,Line-C,BATCH-108,漏装,0.8807151278261474
2024-01-01 12:20:00,Line-C,BATCH-105,划伤,0.906957048112518
2024-01-01 12:21:00,Line-B,BATCH-105,划伤,0.9690579686562699
2024-01-01 12:22:00,Line-C,BATCH-103,漏装,0.8730448945510136
2024-01-01 12:23:00,Line-B,BATCH-108,变形,0.9243222067363749
2024-01-01 12:24:00,Line-A,BATCH-103,漏装,0.893807027037516
2024-01-01 12:25:00,Line-B,BATCH-104,划伤,0.8922016935695468
2024-01-01 12:26:00,Line-A,BATCH-106,异物,0.8938951848303062
2024-01-01 12:27:00,Line-B,BATCH-105,脏污,0.9645677888416545
2024-01-01 12:28:00,Line-C,BATCH-107,异物,0.8707926726953387
2024-01-01 12:29:00,Line-B,BATCH-101,异物,0.8981330669249248
2024-01-01 12:30:00,Line-C,BATCH-100,划伤,0.876171933509257
2024-01-01 12:31:00,Line-A,BATCH-108,漏装,0.8926910890263441
2024-01-01 12:32:00,Line-B,BATCH-105,划伤,0.9007180380547648
2024-01-01 12:33:00,Line-A,BATCH-103,划伤,0.8838292609469045
2024-01-01 12:34:00,Line-C,BATCH-101,划伤,0.9605554432111317
2024-01-01 12:35:00,Line-C,BATCH-103,变形,0.9164976781377034
2024-01-01 12:36:00,Line-C,BATCH-100,划伤,0.9867394246505974
2024-01-01 12:37:00,Line-A,BATCH-102,划伤,0.9074332785851511
2024-01-01 12:38:00,Line-C,BATCH-100,划伤,0.9255575275786094
2024-01-01 12:39:00,Line-C,BATCH-100,划伤,0.9021837486587595
2024-01-01 12:40:00,Line-C,BATCH-103,异物,0.9248084688341516
2024-01-01 12:41:00,Line-C,BATCH-105,划伤,0.9019598725575917
2024-01-01 12:42:00,Line-B,BATCH-106,变形,0.9483044810107641
2024-01-01 12:43:00,Line-A,BATCH-103,划伤,0.9512866377689839
2024-01-01 12:44:00,Line-A,BATCH-101,异物,0.8958369333538542
2024-01-01 12:45:00,Line-A,BATCH-104,划伤,0.8955776984450327
2024-01-01 12:46:00,Line-B,BATCH-109,脏污,0.9068278266558438
2024-01-01 12:47:00,Line-A,BATCH-108,划伤,0.8907720016873354
2024-01-01 12:48:00,Line-B,BATCH-109,漏装,0.8635528564360405
2024-01-01 12:49:00,Line-C,BATCH-105,划伤,0.9896385214087541
2024-01-01 12:50:00,Line-B,BATCH-102,划伤,0.8811950019812905
2024-01-01 12:51:00,Line-B,BATCH-104,划伤,0.8908918577581587
2024-01-01 12:52:00,Line-A,BATCH-108,划伤,0.9503344866603858
2024-01-01 12:53:00,Line-A,BATCH-104,异物,0.9048528407430153
2024-01-01 12:54:00,Line-A,BATCH-108,划伤,0.8785954980536418
2024-01-01 12:55:00,Line-A,BATCH-106,划伤,0.9189621179633298
2024-01-01 12:56:00,Line-C,BATCH-101,异物,0.9341473974112797
2024-01-01 12:57:00,Line-A,BATCH-109,划伤,0.8667301069224717
2024-01-01 12:58:00,Line-C,BATCH-109,脏污,0.9450005112818518
2024-01-01 12:59:00,Line-B,BATCH-108,脏污,0.8904742334998882
2024-01-01 13:00:00,Line-A,BATCH-105,漏装,0.9247580590510192
2024-01-01 13:01:00,Line-B,BATCH-103,漏装,0.8913204024676123
2024-01-01 13:02:00,Line-A,BATCH-101,异物,0.8945100065864672
2024-01-01 13:03:00,Line-B,BATCH-103,划伤,0.9474801224799622
2024-01-01 13:04:00,Line-B,BATCH-108,划伤,0.9016729717814612
2024-01-01 13:05:00,Line-A,BATCH-105,异物,0.9813918933708244
2024-01-01 13:06:00,Line-A,BATCH-104,划伤,0.9422198085091238
2024-01-01 13:07:00,Line-C,BATCH-101,划伤,0.8769097019921572
2024-01-01 13:08:00,Line-B,BATCH-100,异物,0.9765720213676049
2024-01-01 13:09:00,Line-A,BATCH-107,划伤,0.8544485380819851
2024-01-01 13:10:00,Line-C,BATCH-102,变形,0.8731452544875783
2024-01-01 13:11:00,Line-B,BATCH-102,异物,0.8840493569068837
2024-01-01 13:12:00,Line-B,BATCH-104,变形,0.9713332729986206
2024-01-01 13:13:00,Line-C,BATCH-100,异物,0.9723185472779721
2024-01-01 13:14:00,Line-A,BATCH-101,划伤,0.8883527875314374
2024-01-01 13:15:00,Line-B,BATCH-107,漏装,0.8952194435925955
2024-01-01 13:16:00,Line-C,BATCH-101,划伤,0.8853524326387539
2024-01-01 13:17:00,Line-C,BATCH-100,脏污,0.9646947456161158
2024-01-01 13:18:00,Line-C,BATCH-101,划伤,0.9451124512374274
2024-01-01 13:19:00,Line-B,BATCH-109,漏装,0.9106283122307841
2024-01-01 13:20:00,Line-C,BATCH-109,划伤,0.9267540957929001
2024-01-01 13:21:00,Line-B,BATCH-102,漏装,0.933051456339567
2024-01-01 13:22:00,Line-C,BATCH-102,异物,0.9287455849572875
2024-01-01 13:23:00,Line-A,BATCH-108,划伤,0.9449630058528227
2024-01-01 13:24:00,Line-B,BATCH-107,漏装,0.9613860534024422
2024-01-01 13:25:00,Line-C,BATCH-109,异物,0.9279245091104538
2024-01-01 13:26:00,Line-A,BATCH-106,异物,0.9628348782858414
2024-01-01 13:27:00,Line-C,BATCH-102,划伤,0.9124948200567493
2024-01-01 13:28:00,Line-C,BATCH-101,划伤,0.9308019851713103
2024-01-01 13:29:00,Line-C,BATCH-100,划伤,0.8881750852734329
2024-01-01 13:30:00,Line-B,BATCH-107,脏污,0.987975639295536
2024-01-01 13:31:00,Line-B,BATCH-104,异物,0.8512936695081471
2024-01-01 13:32:00,Line-C,BATCH-102,划伤,0.9111598163716669
2024-01-01 13:33:00,Line-C,BATCH-102,裂纹,0.9459614247999728
2024-01-01 13:34:00,Line-A,BATCH-105,脏污,0.9245176811431567
2024-01-01 13:35:00,Line-A,BATCH-106,脏污,0.9379399940488726
2024-01-01 13:36:00,Line-C,BATCH-107,划伤,0.8914331739516654
2024-01-01 13:37:00,Line-C,BATCH-104,划伤,0.954374286234335
2024-01-01 13:38:00,Line-B,BATCH-106,异物,0.8943424752506892
2024-01-01 13:39:00,Line-B,BATCH-105,脏污,0.8850372763193304
2024-01-01 13:40:00,Line-B,BATCH-109,脏污,0.8892846559690384
2024-01-01 13:41:00,Line-C,BATCH-109,漏装,0.9153532502405768
2024-01-01 13:42:00,Line-B,BATCH-100,漏装,0.900247434368504
2024-01-01 13:43:00,Line-C,BATCH-104,划伤,0.9396879863691039
2024-01-01 13:44:00,Line-A,BATCH-108,划伤,0.9750163350721873
2024-01-01 13:45:00,Line-C,BATCH-101,划伤,0.9529916053428442
2024-01-01 13:46:00,Line-C,BATCH-108,划伤,0.8527198882610554
2024-01-01 13:47:00,Line-C,BATCH-102,变形,0.9457040043367928
2024-01-01 13:48:00,Line-C,BATCH-104,划伤,0.9555493195860885
2024-01-01 13:49:00,Line-C,BATCH-106,异物,0.854445086776179
2024-01-01 13:50:00,Line-C,BATCH-102,漏装,0.8923172988766406
2024-01-01 13:51:00,Line-C,BATCH-101,划伤,0.8532997443203278
2024-01-01 13:52:00,Line-B,BATCH-102,划伤,0.9091613295939582
2024-01-01 13:53:00,Line-C,BATCH-105,变形,0.9230842497682948
2024-01-01 13:54:00,Line-B,BATCH-102,脏污,0.9243555823468539
2024-01-01 13:55:00,Line-A,BATCH-105,异物,0.9654353924542399
2024-01-01 13:56:00,Line-B,BATCH-101,划伤,0.8673135193571804
2024-01-01 13:57:00,Line-C,BATCH-105,划伤,0.9155921604509069
2024-01-01 13:58:00,Line-B,BATCH-100,划伤,0.8764054256621806
2024-01-01 13:59:00,Line-B,BATCH-103,划伤,0.9556814975416513
2024-01-01 14:00:00,Line-C,BATCH-104,脏污,0.9226438200106637
2024-01-01 14:01:00,Line-B,BATCH-107,划伤,0.8708483577371036
2024-01-01 14:02:00,Line-B,BATCH-105,异物,0.8820253691147506
2024-01-01 14:03:00,Line-B,BATCH-102,脏污,0.9653722988832605
2024-01-01 14:04:00,Line-C,BATCH-108,划伤,0.9095433122894356
2024-01-01 14:05:00,Line-A,BATCH-102,脏污,0.8830623122373604
2024-01-01 14:06:00,Line-C,BATCH-109,划伤,0.935727472504044
2024-01-01 14:07:00,Line-C,BATCH-101,异物,0.9780457230227747
2024-01-01 14:08:00,Line-A,BATCH-107,变形,0.8578146321266106
2024-01-01 14:09:00,Line-A,BATCH-102,划伤,0.9428577455908619
2024-01-01 14:10:00,Line-A,BATCH-108,划伤,0.8868240785570676
2024-01-01 14:11:00,Line-A,BATCH-106,划伤,0.8550923895926337
2024-01-01 14:12:00,Line-C,BATCH-106,划伤,0.9205759101512351
2024-01-01 14:13:00,Line-B,BATCH-106,划伤,0.9102717595584517
2024-01-01 14:14:00,Line-B,BATCH-105,脏污,0.9833842506778111
2024-01-01 14:15:00,Line-C,BATCH-104,划伤,0.8982024272207101
2024-01-01 14:16:00,Line-B,BATCH-106,异物,0.9817452974790518
2024-01-01 14:17:00,Line-B,BATCH-102,划伤,0.8661239026944011
2024-01-01 14:18:00,Line-C,BATCH-107,漏装,0.9738594344108739
2024-01-01 14:19:00,Line-B,BATCH-105,异物,0.9342934129739312
2024-01-01 14:20:00,Line-A,BATCH-107,变形,0.9482777590345568
2024-01-01 14:21:00,Line-C,BATCH-105,异物,0.9713488931745925
2024-01-01 14:22:00,Line-C,BATCH-105,划伤,0.9176738648863179
2024-01-01 14:23:00,Line-C,BATCH-100,脏污,0.8889005474484976
2024-01-01 14:24:00,Line-A,BATCH-106,异物,0.8770264955074712
2024-01-01 14:25:00,Line-C,BATCH-105,异物,0.9876201895629487
2024-01-01 14:26:00,Line-C,BATCH-104,划伤,0.8620116524312923
2024-01-01 14:27:00,Line-C,BATCH-103,漏装,0.9786075403065397
2024-01-01 14:28:00,Line-A,BATCH-102,划伤,0.9153482211045132
2024-01-01 14:29:00,Line-C,BATCH-100,异物,0.9877636623287603
2024-01-01 14:30:00,Line-C,BATCH-107,异物,0.9561020492222159
2024-01-01 14:31:00,Line-C,BATCH-107,划伤,0.9478845324573341
2024-01-01 14:32:00,Line-A,BATCH-101,划伤,0.8800258231679489
2024-01-01 14:33:00,Line-C,BATCH-109,划伤,0.8779013582743036
2024-01-01 14:34:00,Line-A,BATCH-103,划伤,0.9595880578614551
2024-01-01 14:35:00,Line-A,BATCH-100,划伤,0.9066817624709901
2024-01-01 14:36:00,Line-C,BATCH-106,划伤,0.9746487047671946
2024-01-01 14:37:00,Line-B,BATCH-108,划伤,0.9020088888605557
2024-01-01 14:38:00,Line-C,BATCH-105,漏装,0.942222656922101
2024-01-01 14:39:00,Line-A,BATCH-109,漏装,0.9499470788003375
2024-01-01 14:40:00,Line-A,BATCH-108,漏装,0.961288717365204
2024-01-01 14:41:00,Line-C,BATCH-102,划伤,0.8855949044324734
2024-01-01 14:42:00,Line-B,BATCH-108,漏装,0.9426333673894711
2024-01-01 14:43:00,Line-B,BATCH-105,异物,0.9011320034395509
2024-01-01 14:44:00,Line-C,BATCH-108,异物,0.9700647119485205
2024-01-01 14:45:00,Line-C,BATCH-107,漏装,0.9677554305221744
2024-01-01 14:46:00,Line-A,BATCH-104,划伤,0.9287543585446656
2024-01-01 14:47:00,Line-C,BATCH-108,划伤,0.8686651652853127
2024-01-01 14:48:00,Line-B,BATCH-103,划伤,0.9453173936925983
2024-01-01 14:49:00,Line-B,BATCH-106,漏装,0.9301992335298123
2024-01-01 14:50:00,Line-A,BATCH-100,划伤,0.8999186524168992
2024-01-01 14:51:00,Line-C,BATCH-105,脏污,0.9180675587248193
2024-01-01 14:52:00,Line-B,BATCH-106,划伤,0.9788946269446929
2024-01-01 14:53:00,Line-C,BATCH-109,划伤,0.9863231580583722
2024-01-01 14:54:00,Line-C,BATCH-107,脏污,0.8561120261227332
2024-01-01 14:55:00,Line-A,BATCH-108,划伤,0.9192969466826211
2024-01-01 14:56:00,Line-B,BATCH-109,脏污,0.8822659234970087
2024-01-01 14:57:00,Line-A,BATCH-101,划伤,0.8506303286080058
2024-01-01 14:58:00,Line-B,BATCH-108,异物,0.9857557210484744
2024-01-01 14:59:00,Line-B,BATCH-102,划伤,0.879610900896984
2024-01-01 15:00:00,Line-B,BATCH-103,变形,0.868435060829638
2024-01-01 15:01:00,Line-A,BATCH-105,划伤,0.9400370085201717
2024-01-01 15:02:00,Line-A,BATCH-109,划伤,0.9867416761914549
2024-01-01 15:03:00,Line-C,BATCH-102,异物,0.9033527145302992
2024-01-01 15:04:00,Line-C,BATCH-101,漏装,0.8827433700513229
2024-01-01 15:05:00,Line-C,BATCH-108,变形,0.91537885006934
2024-01-01 15:06:00,Line-C,BATCH-102,漏装,0.9253043853182211
2024-01-01 15:07:00,Line-B,BATCH-107,划伤,0.8935496162704116
2024-01-01 15:08:00,Line-C,BATCH-104,异物,0.9462576233013291
2024-01-01 15:09:00,Line-C,BATCH-106,划伤,0.8901177849239118
2024-01-01 15:10:00,Line-A,BATCH-105,划伤,0.8711199977367367
2024-01-01 15:11:00,Line-B,BATCH-100,脏污,0.8894757182030002
2024-01-01 15:12:00,Line-C,BATCH-108,脏污,0.8725969709463113
2024-01-01 15:13:00,Line-C,BATCH-109,划伤,0.8532501614183935
2024-01-01 15:14:00,Line-C,BATCH-106,异物,0.8864172867127404
2024-01-01 15:15:00,Line-C,BATCH-106,脏污,0.8601706229482107
2024-01-01 15:16:00,Line-C,BATCH-104,划伤,0.9828554599819642
2024-01-01 15:17:00,Line-A,BATCH-104,异物,0.9604885217169684
2024-01-01 15:18:00,Line-B,BATCH-108,变形,0.8531998372896115
2024-01-01 15:19:00,Line-B,BATCH-104,异物,0.8982735847693262
2024-01-01 15:20:00,Line-C,BATCH-102,脏污,0.8573000141832798
2024-01-01 15:21:00,Line-A,BATCH-100,划伤,0.9259351590852618
2024-01-01 15:22:00,Line-A,BATCH-107,变形,0.9111182716832028
2024-01-01 15:23:00,Line-B,BATCH-102,异物,0.8727202440754415
2024-01-01 15:24:00,Line-B,BATCH-104,划伤,0.9604684492678632
2024-01-01 15:25:00,Line-C,BATCH-105,划伤,0.9135305745892235
2024-01-01 15:26:00,Line-C,BATCH-108,异物,0.9207903657029318
2024-01-01 15:27:00,Line-A,BATCH-100,异物,0.9284180128849154
2024-01-01 15:28:00,Line-C,BATCH-109,划伤,0.9446184063585861
2024-01-01 15:29:00,Line-A,BATCH-106,漏装,0.9614826870961369
2024-01-01 15:30:00,Line-B,BATCH-101,划伤,0.896610130923684
2024-01-01 15:31:00,Line-A,BATCH-108,划伤,0.9027529337369945
2024-01-01 15:32:00,Line-C,BATCH-104,异物,0.9676395290411353
2024-01-01 15:33:00,Line-B,BATCH-101,划伤,0.9402122969801144
2024-01-01 15:34:00,Line-C,BATCH-109,划伤,0.9674635543364841
2024-01-01 15:35:00,Line-C,BATCH-101,划伤,0.8852588829671542
2024-01-01 15:36:00,Line-C,BATCH-107,划伤,0.8891558087367899
2024-01-01 15:37:00,Line-B,BATCH-105,异物,0.960803657535816
2024-01-01 15:38:00,Line-A,BATCH-106,划伤,0.932618938010109
2024-01-01 15:39:00,Line-B,BATCH-103,变形,0.9370289828808253
2024-01-01 15:40:00,Line-C,BATCH-100,脏污,0.9409443326237023
2024-01-01 15:41:00,Line-A,BATCH-100,异物,0.9177375407824371
2024-01-01 15:42:00,Line-A,BATCH-108,异物,0.9886272652054622
2024-01-01 15:43:00,Line-B,BATCH-108,划伤,0.9487940323610998
2024-01-01 15:44:00,Line-C,BATCH-106,脏污,0.9726689169069093
2024-01-01 15:45:00,Line-C,BATCH-108,划伤,0.8568032240109099
2024-01-01 15:46:00,Line-A,BATCH-108,划伤,0.8802058335895102
2024-01-01 15:47:00,Line-B,BATCH-105,划伤,0.8838931879273938
2024-01-01 15:48:00,Line-B,BATCH-102,异物,0.966323580635402
2024-01-01 15:49:00,Line-C,BATCH-101,划伤,0.9185023346912238
2024-01-01 15:50:00,Line-B,BATCH-104,漏装,0.8720072515345904
2024-01-01 15:51:00,Line-A,BATCH-103,异物,0.9287469086205655
2024-01-01 15:52:00,Line-B,BATCH-102,划伤,0.9661705315027698
2024-01-01 15:53:00,Line-C,BATCH-108,划伤,0.8934078413626472
2024-01-01 15:54:00,Line-A,BATCH-109,异物,0.931888355451731
2024-01-01 15:55:00,Line-B,BATCH-103,划伤,0.9135012138340592
2024-01-01 15:56:00,Line-B,BATCH-100,划伤,0.9454017596766462
2024-01-01 15:57:00,Line-A,BATCH-100,划伤,0.9147215241038931
2024-01-01 15:58:00,Line-C,BATCH-106,划伤,0.9502783631213713
2024-01-01 15:59:00,Line-C,BATCH-107,异物,0.8672259821834292
2024-01-01 16:00:00,Line-A,BATCH-100,划伤,0.9717983071545473
2024-01-01 16:01:00,Line-C,BATCH-103,划伤,0.9244201985069666
2024-01-01 16:02:00,Line-C,BATCH-102,划伤,0.8970864696145817
2024-01-01 16:03:00,Line-B,BATCH-105,裂纹,0.9616474318403586
2024-01-01 16:04:00,Line-C,BATCH-106,划伤,0.8980007500748857
2024-01-01 16:05:00,Line-B,BATCH-105,异物,0.9886271130065428
2024-01-01 16:06:00,Line-C,BATCH-107,异物,0.8928252667695216
2024-01-01 16:07:00,Line-C,BATCH-103,异物,0.8922239097543241
2024-01-01 16:08:00,Line-B,BATCH-108,漏装,0.9123409101026357
2024-01-01 16:09:00,Line-A,BATCH-100,划伤,0.8796207274816916
2024-01-01 16:10:00,Line-C,BATCH-102,异物,0.8713369301790116
2024-01-01 16:11:00,Line-B,BATCH-100,划伤,0.865770972337333
2024-01-01 16:12:00,Line-C,BATCH-107,划伤,0.974436327408449
2024-01-01 16:13:00,Line-C,BATCH-105,划伤,0.9037255565041891
2024-01-01 16:14:00,Line-B,BATCH-107,脏污,0.9624151366541663
2024-01-01 16:15:00,Line-B,BATCH-101,异物,0.9508112816954611
2024-01-01 16:16:00,Line-B,BATCH-100,异物,0.8809789603432824
2024-01-01 16:17:00,Line-C,BATCH-101,划伤,0.9041444111272969
2024-01-01 16:18:00,Line-C,BATCH-101,划伤,0.9402384185187432
2024-01-01 16:19:00,Line-A,BATCH-109,异物,0.9151197080902312
2024-01-01 16:20:00,Line-C,BATCH-109,异物,0.9303549978748724
2024-01-01 16:21:00,Line-A,BATCH-106,异物,0.9425943713613799
2024-01-01 16:22:00,Line-C,BATCH-100,异物,0.9142629385842969
2024-01-01 16:23:00,Line-A,BATCH-102,变形,0.9324064262273183
2024-01-01 16:24:00,Line-B,BATCH-109,划伤,0.8653012604665868
2024-01-01 16:25:00,Line-C,BATCH-100,划伤,0.9804828689802636
2024-01-01 16:26:00,Line-C,BATCH-104,划伤,0.8794887453104122
2024-01-01 16:27:00,Line-B,BATCH-102,划伤,0.9821199869820769
2024-01-01 16:28:00,Line-A,BATCH-103,划伤,0.8822510589836687
2024-01-01 16:29:00,Line-C,BATCH-109,漏装,0.8615012321840899
2024-01-01 16:30:00,Line-A,BATCH-103,划伤,0.8741947939499137
2024-01-01 16:31:00,Line-C,BATCH-107,变形,0.8742687577119639
2024-01-01 16:32:00,Line-A,BATCH-100,变形,0.9551755940710481
2024-01-01 16:33:00,Line-C,BATCH-101,异物,0.8658897896989411
2024-01-01 16:34:00,Line-B,BATCH-109,脏污,0.9044077751856414
2024-01-01 16:35:00,Line-A,BATCH-108,划伤,0.9657891167873807
2024-01-01 16:36:00,Line-B,BATCH-101,异物,0.9702677840032922
2024-01-01 16:37:00,Line-B,BATCH-103,划伤,0.9762157228869485
2024-01-01 16:38:00,Line-A,BATCH-100,异物,0.9170881064380488
2024-01-01 16:39:00,Line-A,BATCH-108,裂纹,0.8697039877644965
